Artnamn;Antal;Enhet;Antal substrat;Ålder-Stadium;Kön;Aktivitet;Metod;Lokalnamn;Ost;Nord;Noggrannhet;Diffusion;Djup min;Djup max;Höjd min;Höjd max;Startdatum;Starttid;Slutdatum;Sluttid;Publik kommentar;Intressant kommentar;Privat kommentar;Ej återfunnen;Dölj fyndet t.o.m.;Andrahand;Osäker artbestämning;Ospontan;Biotop;Biotop-beskrivning;Art som substrat;Art som substrat beskrivning;Substrat;Substrat-beskrivning;Offentlig samling;Privat samling;Samlings-nummer;Bestämningsmetod;Artbestämd av;Artbestämd av (fritext);Bestämningsår;Beskrivning artbestämning;Bekräftad av;Bekräftad av (fritext);Bekräftelseår;Länk till BOLD/GenBank;Med-observatör;Med-observatör;Med-observatör;Med-observatör;Med-observatör;Med-observatör;Med-observatör;Med-observatör;Med-observatör;Med-observatör;Externid;Ej funnen
;1;;;;;;;Mellan Skirträsket och Tvärlålandmyran;618880;7214685;100 m;;;;;;2026-07-30;;;;;;;;;;;;Sumpskog;;;;;;;Nils Ericson;NE1;;;;;;;;;;;;;;;;;;;;;
;1;;;;;;;bäckmyran NE Fäboliden;643160;7168387;10 m;;;;456;;2026-06-22;16:19;;;;;;;;;;;;;;;rutnande björklöv under vatten;;;Nils Ericson;NE6;;;;;;;;;;Nis Ericson;;;;;;;;;;;
;1;;;;;;;Imported locality 40;642709;7170678;5 m;;;;421;;2026-06-23;09:36;;;;;;;;;;;;;;;gammal tallstock;;;Nils Ericson;NE7;;;;;;;;;;Nis Ericson;;;;;;;;;;;
;1;;;;;;;NV Åliden, NE Fäboliden;642782;7170594;10 m;;;;432;;2026-06-23;09:50;;;;;;;;;;;;;;;bränd tallhögstubbe;;;Nils Ericson;NE8;;;;;;;;;;Nis Ericson;;;;;;;;;;;
;1;;;;;;;NV Åliden, NE Fäboliden;642956;7170087;10 m;;;;461;;2026-06-23;11:52;;;;;;;;;;;;;;;klippblock;;;Nils Ericson;NE9;;;;;;;;;;Nis Ericson;;;;;;;;;;;
;1;;;;;;;NV Åliden, NE Fäboliden;643026;7170048;10 m;;;;468;;2026-06-23;12:27;;;;;;;;;;;;;;;Sphagnum;;;Nils Ericson;NE10;;;;;;;;;;Nis Ericson;;;;;;;;;;;
;1;;;;;;;bäckmyran NE Fäboliden;642644;7168967;10 m;;;;448;;2026-06-24;09:21;;;;;;;;;;;;;;;;;;Nils Ericson;NE11;;;;;;;;;;Nis Ericson;;;;;;;;;;;
;1;;;;;;;bäckmyran NE Fäboliden;643207;7168437;10 m;;;;453;;2026-06-24;15:06;;;;;;;;;;;;;;;Filipendula;;;Nils Ericson;NE12;;;;;;;;;;Nis Ericson;;;;;;;;;;;
;1;;;;;;;Vinliden;637041;7171932;5 m;;;;505;;2026-06-25;20:21;;;;;;;;;;;;;;;Alchemilla sp.;;;Nils Ericson;NE13;;;;;;;;;;Nis Ericson;;;;;;;;;;;
;1;;;;;;;Imported locality 29;637196;7171690;5 m;;;;494;;2026-06-26;08:08;;;;;;;;;;;;;;;;;;Nils Ericson;NE14;;;;;;;;;;Nis Ericson;;;;;;;;;;;
;1;;;;;;;Imported locality 28;637195;7171600;5 m;;;;490;;2026-06-26;08:20;;;;;;;;;;;;;;;;;;Nils Ericson;NE15;;;;;;;;;;Nis Ericson;;;;;;;;;;;
;1;;;;;;;barrsele;618579;7215204;10 m;;;;315;;2026-07-27;14:40;;;;;;;;;;;;;;;stenblock;;;Nils Ericson;NE16;;;;;;;;;;Nis Ericson;;;;;;;;;;;
;1;;;;;;;barrsele;618579;7215204;10 m;;;;315;;2026-07-27;14:40;;;;;;;;;;;;;;;;;;Nils Ericson;NE16-2;;;;;;;;;;Nis Ericson;;;;;;;;;;;
;1;;;;;;;barrsele;618579;7215204;10 m;;;;315;;2026-07-27;14:40;;;;;;;;;;;;;;;;;;Nils Ericson;NE16-3;;;;;;;;;;Nis Ericson;;;;;;;;;;;
;1;;;;;;;Imported locality 21;618105;7215564;10 m;;;;340;;2026-07-27;16:47;;;;;;;;;;;;;;;;;;Nils Ericson;NE17;;;;;;;;;;Nis Ericson;;;;;;;;;;;
;1;;;;;;;Imported locality 21;618105;7215564;10 m;;;;340;;2026-07-27;16:47;;;;;;;;;;;;;;;;;;Nils Ericson;NE17-2;;;;;;;;;;Nis Ericson;;;;;;;;;;;
;1;;;;;;;Imported locality 21;618105;7215564;10 m;;;;340;;2026-07-27;16:47;;;;;;;;;;;;;;;;;;Nils Ericson;NE17-3;;;;;;;;;;Nis Ericson;;;;;;;;;;;
;1;;;;;;;Imported locality 20;616744;7215956;5 m;;;;441;;2026-07-28;10:16;;;;;;;;;;;;;;;;;;Nils Ericson;NE18;;;;;;;;;;Nis Ericson;;;;;;;;;;;
;1;;;;;;;Imported locality 20;616744;7215956;5 m;;;;441;;2026-07-28;10:16;;;;;;;;;;;;;;;;;;Nils Ericson;NE18-2;;;;;;;;;;Nis Ericson;;;;;;;;;;;
;1;;;;;;;Imported locality 20;616744;7215956;5 m;;;;441;;2026-07-28;10:16;;;;;;;;;;;;;;;;;;Nils Ericson;NE18-3;;;;;;;;;;Nis Ericson;;;;;;;;;;;
;1;;;;;;;Imported locality 20;616744;7215956;5 m;;;;441;;2026-07-28;10:16;;;;;;;;;;;;;;;;;;Nils Ericson;NE18-4;;;;;;;;;;Nis Ericson;;;;;;;;;;;
;1;;;;;;;Imported locality 20;616744;7215956;5 m;;;;441;;2026-07-28;10:16;;;;;;;;;;;;;;;;;;Nils Ericson;NE18-5;;;;;;;;;;Nis Ericson;;;;;;;;;;;
;1;;;;;;;Imported locality 20;616744;7215956;5 m;;;;441;;2026-07-28;10:16;;;;;;;;;;;;;;;;;;Nils Ericson;NE18-6;;;;;;;;;;Nis Ericson;;;;;;;;;;;
;1;;;;;;;Imported locality 20;616744;7215956;5 m;;;;441;;2026-07-28;10:16;;;;;;;;;;;;;;;;;;Nils Ericson;NE18-7;;;;;;;;;;Nis Ericson;;;;;;;;;;;
;1;;;;;;;Imported locality 20;616744;7215956;5 m;;;;441;;2026-07-28;10:16;;;;;;;;;;;;;;;;;;Nils Ericson;NE18-8;;;;;;;;;;Nis Ericson;;;;;;;;;;;
;1;;;;;;;Imported locality 19;616722;7215949;10 m;;;;436;;2026-07-28;10:26;;;;;;;;;;;;;;;;;;Nils Ericson;NE19;;;;;;;;;;Nis Ericson;;;;;;;;;;;
;1;;;;;;;Imported locality 19;616722;7215949;10 m;;;;436;;2026-07-28;10:26;;;;;;;;;;;;;;;;;;Nils Ericson;NE19-2;;;;;;;;;;Nis Ericson;;;;;;;;;;;
;1;;;;;;;Imported locality 19;616722;7215949;10 m;;;;436;;2026-07-28;10:26;;;;;;;;;;;;;;;;;;Nils Ericson;NE19-3;;;;;;;;;;Nis Ericson;;;;;;;;;;;
;1;;;;;;;Imported locality 19;616722;7215949;10 m;;;;436;;2026-07-28;10:26;;;;;;;;;;;;;;;;;;Nils Ericson;NE19-4;;;;;;;;;;Nis Ericson;;;;;;;;;;;
;1;;;;;;;Imported locality 19;616722;7215949;10 m;;;;436;;2026-07-28;10:26;;;;;;;;;;;;;;;;;;Nils Ericson;NE19-5;;;;;;;;;;Nis Ericson;;;;;;;;;;;
;1;;;;;;;Imported locality 19;616722;7215949;10 m;;;;436;;2026-07-28;10:26;;;;;;;;;;;;;;;;;;Nils Ericson;NE19-6;;;;;;;;;;Nis Ericson;;;;;;;;;;;
;1;;;;;;;Imported locality 19;616722;7215949;10 m;;;;436;;2026-07-28;10:26;;;;;;;;;;;;;;;;;;Nils Ericson;NE19-7;;;;;;;;;;Nis Ericson;;;;;;;;;;;
;1;;;;;;;Imported locality 19;616722;7215949;10 m;;;;436;;2026-07-28;10:26;;;;;;;;;;;;;;;;;;Nils Ericson;NE19-8;;;;;;;;;;Nis Ericson;;;;;;;;;;;
;1;;;;;;;Imported locality 19;616722;7215949;10 m;;;;436;;2026-07-28;10:26;;;;;;;;;;;;;;;;;;Nils Ericson;NE19-9;;;;;;;;;;Nis Ericson;;;;;;;;;;;
;1;;;;;;;Imported locality 19;616722;7215949;10 m;;;;436;;2026-07-28;10:26;;;;;;;;;;;;;;;;;;Nils Ericson;NE19-10;;;;;;;;;;Nis Ericson;;;;;;;;;;;
;1;;;;;;;Imported locality 18;616701;7215944;25 m;;;;428;;2026-07-28;10:40;;;;;;;;;;;;;;;;;;Nils Ericson;NE20;;;;;;;;;;Nis Ericson;;;;;;;;;;;
;1;;;;;;;Imported locality 18;616701;7215944;25 m;;;;428;;2026-07-28;10:40;;;;;;;;;;;;;;;;;;Nils Ericson;NE20-2;;;;;;;;;;Nis Ericson;;;;;;;;;;;
;1;;;;;;;Imported locality 18;616701;7215944;25 m;;;;428;;2026-07-28;10:40;;;;;;;;;;;;;;;;;;Nils Ericson;NE20-3;;;;;;;;;;Nis Ericson;;;;;;;;;;;
;1;;;;;;;Imported locality 18;616701;7215944;25 m;;;;428;;2026-07-28;10:40;;;;;;;;;;;;;;;;;;Nils Ericson;NE20-4;;;;;;;;;;Nis Ericson;;;;;;;;;;;
;1;;;;;;;Imported locality 18;616701;7215944;25 m;;;;428;;2026-07-28;10:40;;;;;;;;;;;;;;;;;;Nils Ericson;NE20-5;;;;;;;;;;Nis Ericson;;;;;;;;;;;
;1;;;;;;;Imported locality 18;616701;7215944;25 m;;;;428;;2026-07-28;10:40;;;;;;;;;;;;;;;;;;Nils Ericson;NE20-6;;;;;;;;;;Nis Ericson;;;;;;;;;;;
;1;;;;;;;Imported locality 17;616684;7215948;10 m;;;;430;;2026-07-28;10:48;;;;;;;;;;;;;;;;;;Nils Ericson;NE21;;;;;;;;;;Nis Ericson;;;;;;;;;;;
;1;;;;;;;Imported locality 17;616684;7215948;10 m;;;;430;;2026-07-28;10:48;;;;;;;;;;;;;;;;;;Nils Ericson;NE21-2;;;;;;;;;;Nis Ericson;;;;;;;;;;;
;1;;;;;;;Imported locality 17;616684;7215948;10 m;;;;430;;2026-07-28;10:48;;;;;;;;;;;;;;;;;;Nils Ericson;NE21-3;;;;;;;;;;Nis Ericson;;;;;;;;;;;
;1;;;;;;;Imported locality 17;616684;7215948;10 m;;;;430;;2026-07-28;10:48;;;;;;;;;;;;;;;;;;Nils Ericson;NE21-4;;;;;;;;;;Nis Ericson;;;;;;;;;;;
;1;;;;;;;Imported locality 17;616684;7215948;10 m;;;;430;;2026-07-28;10:48;;;;;;;;;;;;;;;;;;Nils Ericson;NE21-5;;;;;;;;;;Nis Ericson;;;;;;;;;;;
;1;;;;;;;Imported locality 17;616684;7215948;10 m;;;;430;;2026-07-28;10:48;;;;;;;;;;;;;;;;;;Nils Ericson;NE21-6;;;;;;;;;;Nis Ericson;;;;;;;;;;;
;1;;;;;;;Imported locality 16;616681;7215881;5 m;;;;414;;2026-07-28;11:38;;;;;;;;;;;;;;;;;;Nils Ericson;NE22;;;;;;;;;;Nis Ericson;;;;;;;;;;;
;1;;;;;;;Imported locality 16;616681;7215881;5 m;;;;414;;2026-07-28;11:38;;;;;;;;;;;;;;;;;;Nils Ericson;NE22-2;;;;;;;;;;Nis Ericson;;;;;;;;;;;
;1;;;;;;;Imported locality 16;616681;7215881;5 m;;;;414;;2026-07-28;11:38;;;;;;;;;;;;;;;;;;Nils Ericson;NE22-3;;;;;;;;;;Nis Ericson;;;;;;;;;;;
;1;;;;;;;Imported locality 16;616681;7215881;5 m;;;;414;;2026-07-28;11:38;;;;;;;;;;;;;;;;;;Nils Ericson;NE22-4;;;;;;;;;;Nis Ericson;;;;;;;;;;;
;1;;;;;;;Imported locality 16;616681;7215881;5 m;;;;414;;2026-07-28;11:38;;;;;;;;;;;;;;;;;;Nils Ericson;NE22-5;;;;;;;;;;Nis Ericson;;;;;;;;;;;
;1;;;;;;;Imported locality 16;616681;7215881;5 m;;;;414;;2026-07-28;11:38;;;;;;;;;;;;;;;;;;Nils Ericson;NE22-6;;;;;;;;;;Nis Ericson;;;;;;;;;;;
;1;;;;;;;Imported locality 16;616681;7215881;5 m;;;;414;;2026-07-28;11:38;;;;;;;;;;;;;;;;;;Nils Ericson;NE22-7;;;;;;;;;;Nis Ericson;;;;;;;;;;;
;1;;;;;;;Imported locality 16;616681;7215881;5 m;;;;414;;2026-07-28;11:38;;;;;;;;;;;;;;;;;;Nils Ericson;NE22-8;;;;;;;;;;Nis Ericson;;;;;;;;;;;
;1;;;;;;;Imported locality 16;616681;7215881;5 m;;;;414;;2026-07-28;11:38;;;;;;;;;;;;;;;;;;Nils Ericson;NE22-9;;;;;;;;;;Nis Ericson;;;;;;;;;;;
;1;;;;;;;Imported locality 16;616681;7215881;5 m;;;;414;;2026-07-28;11:38;;;;;;;;;;;;;;;;;;Nils Ericson;NE22-10;;;;;;;;;;Nis Ericson;;;;;;;;;;;
;1;;;;;;;Imported locality 15;616705;7215888;10 m;;;;411;;2026-07-28;11:50;;;;;;;;;;;;;;;;;;Nils Ericson;NE23;;;;;;;;;;Nis Ericson;;;;;;;;;;;
;1;;;;;;;Imported locality 15;616705;7215888;10 m;;;;411;;2026-07-28;11:50;;;;;;;;;;;;;;;;;;Nils Ericson;NE23-2;;;;;;;;;;Nis Ericson;;;;;;;;;;;
;1;;;;;;;Imported locality 15;616705;7215888;10 m;;;;411;;2026-07-28;11:50;;;;;;;;;;;;;;;;;;Nils Ericson;NE23-3;;;;;;;;;;Nis Ericson;;;;;;;;;;;
;1;;;;;;;Imported locality 15;616705;7215888;10 m;;;;411;;2026-07-28;11:50;;;;;;;;;;;;;;;;;;Nils Ericson;NE23-4;;;;;;;;;;Nis Ericson;;;;;;;;;;;
;1;;;;;;;Imported locality 14;616906;7215890;10 m;;;;397;;2026-07-28;12:18;;;;;;;;;;;;;;;;;;Nils Ericson;NE24;;;;;;;;;;Nis Ericson;;;;;;;;;;;
;1;;;;;;;Imported locality 14;616906;7215890;10 m;;;;397;;2026-07-28;12:18;;;;;;;;;;;;;;;;;;Nils Ericson;NE24-2;;;;;;;;;;Nis Ericson;;;;;;;;;;;
;1;;;;;;;Imported locality 14;616906;7215890;10 m;;;;397;;2026-07-28;12:18;;;;;;;;;;;;;;;;;;Nils Ericson;NE24-3;;;;;;;;;;Nis Ericson;;;;;;;;;;;
;1;;;;;;;Imported locality 14;616906;7215890;10 m;;;;397;;2026-07-28;12:18;;;;;;;;;;;;;;;;;;Nils Ericson;NE24-4;;;;;;;;;;Nis Ericson;;;;;;;;;;;
;1;;;;;;;Imported locality 14;616906;7215890;10 m;;;;397;;2026-07-28;12:18;;;;;;;;;;;;;;;;;;Nils Ericson;NE24-5;;;;;;;;;;Nis Ericson;;;;;;;;;;;
;1;;;;;;;Imported locality 13;617081;7215921;10 m;;;;387;;2026-07-28;12:29;;;;;;;;;;;;;;;uttorkad myr;;;Nils Ericson;NE25;;;;;;;;;;Nis Ericson;;;;;;;;;;;
;1;;;;;;;Imported locality 11;618012;7215985;10 m;;;;326;;2026-07-28;13:27;;;;;;;;;;;;;;;;;;Nils Ericson;NE26;;;;;;;;;;Nis Ericson;;;;;;;;;;;
;1;;;;;;;Imported locality 11;618012;7215985;10 m;;;;326;;2026-07-28;13:27;;;;;;;;;;;;;;;;;;Nils Ericson;NE26-2;;;;;;;;;;Nis Ericson;;;;;;;;;;;
;1;;;;;;;Imported locality 10;617211;7214568;5 m;;;;357;;2026-07-28;16:30;;;;;;;;;;;;;;;;;;Nils Ericson;NE27;;;;;;;;;;Nis Ericson;;;;;;;;;;;
;1;;;;;;;Imported locality 9;617457;7216950;10 m;;;;336;;2026-07-29;09:17;;;;;;;;;;;;;;;;;;Nils Ericson;NE28;;;;;;;;;;Nis Ericson;;;;;;;;;;;
;1;;;;;;;Imported locality 8;617529;7216848;10 m;;;;323;;2026-07-29;10:28;;;;;;;;;;;;;;;;;;Nils Ericson;NE29;;;;;;;;;;Nis Ericson;;;;;;;;;;;
;1;;;;;;;Imported locality 8;617529;7216848;10 m;;;;323;;2026-07-29;10:28;;;;;;;;;;;;;;;;;;Nils Ericson;NE29-2;;;;;;;;;;Nis Ericson;;;;;;;;;;;
;1;;;;;;;Imported locality 8;617529;7216848;10 m;;;;323;;2026-07-29;10:28;;;;;;;;;;;;;;;;;;Nils Ericson;NE29-3;;;;;;;;;;Nis Ericson;;;;;;;;;;;
;1;;;;;;;Imported locality 7;620223;7217577;10 m;;;;311;;2026-07-29;17:01;;;;;;;;;;;;;;;;;;Nils Ericson;NE30;;;;;;;;;;Nis Ericson;;;;;;;;;;;
;1;;;;;;;Imported locality 6;619361;7214671;10 m;;;;327;;2026-07-30;11:04;;;;;;;;;;;;;;;;;;Nils Ericson;NE31;;;;;;;;;;Nis Ericson;;;;;;;;;;;
;1;;;;;;;Imported locality 6;619361;7214671;10 m;;;;327;;2026-07-30;11:04;;;;;;;;;;;;;;;;;;Nils Ericson;NE31-2;;;;;;;;;;Nis Ericson;;;;;;;;;;;
;1;;;;;;;Imported locality 6;619361;7214671;10 m;;;;327;;2026-07-30;11:04;;;;;;;;;;;;;;;;;;Nils Ericson;NE31-3;;;;;;;;;;Nis Ericson;;;;;;;;;;;
;1;;;;;;;Imported locality 6;619361;7214671;10 m;;;;327;;2026-07-30;11:04;;;;;;;;;;;;;;;;;;Nils Ericson;NE31-4;;;;;;;;;;Nis Ericson;;;;;;;;;;;
;1;;;;;;;Imported locality 5;618935;7214774;10 m;;;;348;;2026-07-30;11:48;;;;;;;;;;;;;;;;;;Nils Ericson;NE32;;;;;;;;;;Nis Ericson;;;;;;;;;;;
;1;;;;;;;Imported locality 4;618538;7214130;10 m;;;;381;;2026-07-31;10:37;;;;;;;;;;;;;;;;;;Nils Ericson;NE33;;;;;;;;;;Nis Ericson;;;;;;;;;;;
;1;;;;;;;Imported locality 4;618538;7214130;10 m;;;;381;;2026-07-31;10:37;;;;;;;;;;;;;;;;;;Nils Ericson;NE33-2;;;;;;;;;;Nis Ericson;;;;;;;;;;;
;1;;;;;;;Imported locality 4;618538;7214130;10 m;;;;381;;2026-07-31;10:37;;;;;;;;;;;;;;;;;;Nils Ericson;NE33-3;;;;;;;;;;Nis Ericson;;;;;;;;;;;
;1;;;;;;;Imported locality 4;618538;7214130;10 m;;;;381;;2026-07-31;10:37;;;;;;;;;;;;;;;;;;Nils Ericson;NE33-4;;;;;;;;;;Nis Ericson;;;;;;;;;;;
;1;;;;;;;Imported locality 4;618538;7214130;10 m;;;;381;;2026-07-31;10:37;;;;;;;;;;;;;;;;;;Nils Ericson;NE33-5;;;;;;;;;;Nis Ericson;;;;;;;;;;;
;1;;;;;;;Imported locality 3;618566;7214132;10 m;;;;382;;2026-07-31;10:44;;;;;;;;;;;;;;;;;;Nils Ericson;NE34;;;;;;;;;;Nis Ericson;;;;;;;;;;;
;1;;;;;;;Imported locality 3;618566;7214132;10 m;;;;382;;2026-07-31;10:44;;;;;;;;;;;;;;;;;;Nils Ericson;NE34-2;;;;;;;;;;Nis Ericson;;;;;;;;;;;
;1;;;;;;;Imported locality 3;618566;7214132;10 m;;;;382;;2026-07-31;10:44;;;;;;;;;;;;;;;;;;Nils Ericson;NE34-3;;;;;;;;;;Nis Ericson;;;;;;;;;;;
;1;;;;;;;Imported locality 3;618566;7214132;10 m;;;;382;;2026-07-31;10:44;;;;;;;;;;;;;;;;;;Nils Ericson;NE34-4;;;;;;;;;;Nis Ericson;;;;;;;;;;;
;1;;;;;;;Imported locality 3;618566;7214132;10 m;;;;382;;2026-07-31;10:44;;;;;;;;;;;;;;;;;;Nils Ericson;NE34-5;;;;;;;;;;Nis Ericson;;;;;;;;;;;
;1;;;;;;;Imported locality 3;618566;7214132;10 m;;;;382;;2026-07-31;10:44;;;;;;;;;;;;;;;;;;Nils Ericson;NE34-6;;;;;;;;;;Nis Ericson;;;;;;;;;;;
;1;;;;;;;Imported locality 3;618566;7214132;10 m;;;;382;;2026-07-31;10:44;;;;;;;;;;;;;;;;;;Nils Ericson;NE34-7;;;;;;;;;;Nis Ericson;;;;;;;;;;;
;1;;;;;;;Imported locality 3;618566;7214132;10 m;;;;382;;2026-07-31;10:44;;;;;;;;;;;;;;;;;;Nils Ericson;NE34-8;;;;;;;;;;Nis Ericson;;;;;;;;;;;
;1;;;;;;;Imported locality 3;618566;7214132;10 m;;;;382;;2026-07-31;10:44;;;;;;;;;;;;;;;;;;Nils Ericson;NE34-9;;;;;;;;;;Nis Ericson;;;;;;;;;;;
;1;;;;;;;Imported locality 3;618566;7214132;10 m;;;;382;;2026-07-31;10:44;;;;;;;;;;;;;;;;;;Nils Ericson;NE34-10;;;;;;;;;;Nis Ericson;;;;;;;;;;;
;1;;;;;;;Imported locality 2;618564;7214143;10 m;;;;382;;2026-07-31;10:48;;;;;;;;;;;;;;;;;;Nils Ericson;NE35;;;;;;;;;;Nis Ericson;;;;;;;;;;;
;1;;;;;;;Imported locality 2;618564;7214143;10 m;;;;382;;2026-07-31;10:48;;;;;;;;;;;;;;;;;;Nils Ericson;NE35-2;;;;;;;;;;Nis Ericson;;;;;;;;;;;
;1;;;;;;;Imported locality 2;618564;7214143;10 m;;;;382;;2026-07-31;10:48;;;;;;;;;;;;;;;;;;Nils Ericson;NE35-3;;;;;;;;;;Nis Ericson;;;;;;;;;;;
;1;;;;;;;Imported locality 2;618564;7214143;10 m;;;;382;;2026-07-31;10:48;;;;;;;;;;;;;;;;;;Nils Ericson;NE35-4;;;;;;;;;;Nis Ericson;;;;;;;;;;;
;1;;;;;;;Imported locality 2;618564;7214143;10 m;;;;382;;2026-07-31;10:48;;;;;;;;;;;;;;;;;;Nils Ericson;NE35-5;;;;;;;;;;Nis Ericson;;;;;;;;;;;
;1;;;;;;;grössjön;763637;7083556;10 m;;;;57;;2026-02-28;12:08;;;;;;;;;;;;;;;Tall torraka;;;Nils Ericson;NE37;;;;;;;;;;;;;;;;;;;;;
